num_points_used,rmse
7,0.7963373937392946
12,0.4536187836726308
17,0.43820978824792245
22,0.345928787770895
27,0.2951560264903858
32,0.20291600283836184
37,0.16864196414643134
40,0.14731837071430082
