num_points_used,rmse
7,0.7855765540928349
12,1.9791809067302017
17,0.44519987169948433
22,0.33321458844264507
27,0.3328602298386949
32,0.1555066856100375
37,0.14740364004354561
40,0.12087312191315552
