num_points_used,rmse
7,0.6124574576276374
12,0.5857724213298569
17,0.23134058253557957
22,0.1510472289804749
26,0.08265028971030856
