num_points_used,rmse
7,0.8071179012227644
12,0.5354402761884742
17,0.28168156568426256
22,0.19090722688324083
27,0.17694148245518163
32,0.14522340832327596
37,0.12074335288074863
38,0.07424303619087161
